id,nome,descrizione,aliquota_fattura_percentuale,aliquota_reddito_percentuale,tipo_minimale,minimale_soggettivo_base,agevolazioni_disponibili,note_agevolazioni
INARCASSA,Inarcassa,Ingegneri e Architetti liberi professionisti,4.0,14.5,Fisso (Euro),2785.0,"UNDER_35,NEO_ISCRITTI,DEROGA_REDDITO",Aliquota reddito dimezzata al 7.25% e minimale ridotto a 1/3 per giovani under 35 anni. Possibilità di deroga se il reddito è inferiore al minimale per max 5 anni.
CASSA_FORENSE,Cassa Forense,Avvocati,4.0,15.0,Fisso (Euro),2790.0,"NEO_ISCRITTI,UNDER_35",Riduzioni del minimale soggettivo fino al 50% per i primi anni di iscrizione e per i giovani sotto i 35 anni.
CNPADC,CNPADC,Dottori Commercialisti,4.0,12.0,Fisso (Euro),2940.0,"NEO_ISCRITTI,UNDER_35",Contributo minimale ridotto del 50% per i primi 3 anni di iscrizione per chi ha meno di 35 anni. Soggettivo percentuale variabile dal 12% al 100% su scelta.
CNPR,CNPR,Ragionieri e Periti Commerciali,4.0,10.0,Fisso (Euro),2100.0,"NEO_ISCRITTI,UNDER_35","Soggettivo standard 10%, incrementabile fino al 30%. Agevolazioni con riduzione dei minimali per i primi 5 anni per giovani neo-iscritti."
ENPAM,ENPAM,Medici e Odontoiatri,0.0,19.5,Fisso per Fascia Eta (Euro),2049.0,"FASCIA_ETA,STUDENTI","Quota A fissa annuale obbligatoria variabile per età (es. circa 304€ under 30, fino a 2.049€ over 40). Quota B in percentuale sul reddito eccedente."
ENPAF,ENPAF,Farmacisti,0.0,0.0,Fisso Totale (Euro),4725.0,"DIPENDENTI,DISOCCUPATI,NEO_ISCRITTI","Contribuzione fissa annuale standard molto alta. Riduzione dell'85% o del 50% per farmacisti dipendenti, disoccupati o nei primi anni di iscrizione."
ENPAV,ENPAV,Veterinari,2.0,15.0,Fisso (Euro),1750.0,"NEO_ISCRITTI,UNDER_32",Riduzione del minimale soggettivo al 50% o al 33% per i primi anni di iscrizione per chi si iscrive prima dei 32 anni.
ENPACL,ENPACL,Consulenti del Lavoro,4.0,12.0,Fisso (Euro),2266.0,"NEO_ISCRITTI,UNDER_35",Contributo minimale soggettivo ridotto del 50% per i primi 5 anni di iscrizione per i giovani sotto i 35 anni.
CIPAG,CIPAG,Geometri,5.0,15.0,Fisso (Euro),1820.0,"NEO_ISCRITTI,UNDER_30",Esenzione o riduzione del minimale per i primi anni di iscrizione per i giovani neo-iscritti con meno di 30 anni.
CNN,Cassa Nazionale Notariato,Notai,0.0,0.0,Onorari Repertoriali,0.0,NESSUNA,Meccanismo basato interamente sulla percentuale degli onorari repertoriali mensili gestiti dagli archivi notarili. Presente un integrativo minimo garantito a livello locale.
ENASARCO,ENASARCO,Agenti e Rappresentanti di Commercio,0.0,17.0,Fisso Minimale Annuo (Euro),1020.0,"GIOVANI_AGENTI,MONOMANDATARIO",Contributo diviso 50% ditta mandante e 50% agente. Riduzione del minimale per giovani agenti nei primi 3 anni. Varia tra monomandatario e plurimandatario.
ENPAP,ENPAP,Psicologi,2.0,10.0,Fisso (Euro),780.0,"NEO_ISCRITTI,UNDER_35,PENSIONATI","Minimale soggettivo ridotto a 1/3 (circa 260€) per i primi 3 anni di iscrizione per under 35, e per pensionati. Aliquota standard 10% modificabile fino a 30%."
ENPAB,ENPAB,Biologi,4.0,15.0,Fisso (Euro),1150.0,"NEO_ISCRITTI,UNDER_30",Aliquota minima del 15%. Riduzione del contributo minimale soggettivo del 50% per i primi 3 anni per i neo-iscritti sotto i 30 anni.
ENPAPI,ENPAPI,Infermieri,4.0,16.0,Fisso (Euro),1600.0,"NEO_ISCRITTI,UNDER_30",Riduzione del minimale soggettivo del 50% per i primi 4 anni per gli infermieri che si iscrivono sotto i 30 anni di età.
EPPI,EPPI,Periti Industriali,4.0,10.0,Fisso (Euro),1420.0,"NEO_ISCRITTI,UNDER_35",Contributo minimale ridotto del 50% per i primi 3 anni di iscrizione per i professionisti con meno di 35 anni.
EPAP,EPAP,"Multicategoria (Agronomi, Chimici, Geologi, Attuari)",2.0,10.0,Fisso (Euro),1100.0,"NEO_ISCRITTI,UNDER_35",Contributo minimale ridotto del 50% per i primi 3 anni di iscrizione per giovani professionisti under 35.
ENPAIA,ENPAIA,Impiegati Agricoltura,0.0,0.0,Fisso / Contrattuale,0.0,NESSUNA,"Cassa per impiegati, quadri e dirigenti del settore agricolo, basata su contratti collettivi e quote fisse datoriali/lavoratore."
INPS_GS,INPS Gestione Separata,"Professionisti senza Cassa (Consulenti, Freelance)",4.0,26.07,Nessuno (Zero a fatturato zero),0.0,"GIA_PENSIONATI,ALTRE_TUTELE","Nessun minimale fisso. Se il fatturato è zero, i contributi sono zero. Aliquota scende al 24% se l'utente è già pensionato o iscritto ad un'altra cassa obbligatoria."
INPS_ART,INPS Artigiani,Artigiani e titolari di imprese artigiane,0.0,24.0,Imponibile Minimo (Base Calcolo),18808.0,"REGIME_FORFETTARIO_35,UNDER_21",Il minimale reale in euro si ottiene moltiplicando l'imponibile minimo per l'aliquota (circa 4.521€). Nel forfettario è possibile richiedere la riduzione del 35% (toggle DB).
INPS_COM,INPS Commercianti,Commercianti e titolari di attività commerciali,0.0,24.48,Imponibile Minimo (Base Calcolo),18808.0,"REGIME_FORFETTARIO_35,UNDER_21",Il minimale reale in euro si ottiene moltiplicando l'imponibile minimo per l'aliquota (circa 4.611€). Nel forfettario è possibile richiedere la riduzione del 35% (toggle DB).
INPS_SPET,INPS ex-ENPALS,Lavoratori dello Spettacolo e dello Sport,0.0,33.0,Minimale Giornaliero,54.0,NESSUNA,Il calcolo è basato su un minimale d'imponibile giornaliero per ogni giornata di prestazione lavorativa nello spettacolo o nello sport professionistico.
